Classifier,Audio
0,[0. 0. 0. ... 0. 0. 0.]
0,"[-1.2461757e-06 -3.5745697e-07  1.0437026e-06 ... -4.2487020e-05
 -1.9990583e-05  0.0000000e+00]"
0,"[-6.8811147e-07 -6.6748626e-08  7.0553637e-07 ...  1.0722374e-06
 -8.1166746e-07  0.0000000e+00]"
0,"[ 0.0000000e+00  0.0000000e+00  0.0000000e+00 ...  1.5167451e-08
 -4.8260233e-07  0.0000000e+00]"
0,"[-1.4499490e-09 -1.7723285e-09 -1.4505599e-10 ...  2.6669573e-05
  1.9775864e-05  0.0000000e+00]"
0,"[ 7.5228769e-08  2.0140142e-08 -6.0505606e-08 ...  0.0000000e+00
  0.0000000e+00  0.0000000e+00]"
0,"[-4.1059938e-09  1.3689250e-09  6.1780474e-09 ... -1.3921601e-06
 -1.1385421e-05  0.0000000e+00]"
0,"[ 8.1062862e-10  1.8468400e-09  1.0343720e-09 ...  1.0515167e-05
 -5.8320745e-07  0.0000000e+00]"
0,"[ 0.00000000e+00  0.00000000e+00  0.00000000e+00 ... -1.04567125e-05
 -1.82733475e-05  0.00000000e+00]"
0,"[-3.5006920e-10 -2.3510303e-09 -2.1862225e-09 ... -9.6020199e-07
 -7.7153226e-07  0.0000000e+00]"
0,"[-2.3302302e-08  2.3146004e-08  5.0791993e-08 ... -1.4462489e-05
 -1.0868093e-05  0.0000000e+00]"
1,[0. 0. 0. ... 0. 0. 0.]
1,"[ 0.0000000e+00  0.0000000e+00  0.0000000e+00 ... -3.0948020e-05
 -2.2248127e-05 -1.0938945e-05]"
1,[0.         0.         0.         ... 0.07537432 0.06637006 0.        ]
1,[0.         0.         0.         ... 0.69294465 0.48183745 0.        ]
1,[0.         0.         0.         ... 0.29362386 0.15950161 0.        ]
1,"[ 0.          0.          0.         ... -0.12144476 -0.06756137
  0.        ]"
1,[0.         0.         0.         ... 0.5589919  0.45733434 0.        ]
1,[0.         0.         0.         ... 0.17209806 0.10814541 0.        ]
1,"[ 0.          0.          0.         ... -0.1637535  -0.13791665
 -0.07131369]"
1,[0.         0.         0.         ... 0.00547083 0.01409189 0.        ]
1,[0.         0.         0.         ... 0.00928996 0.00188304 0.        ]
1,"[ 0.          0.          0.         ... -0.02464466 -0.01459649
  0.        ]"
1,[0. 0. 0. ... 0. 0. 0.]
1,[0.         0.         0.         ... 0.06814713 0.04953966 0.        ]
1,[0.         0.         0.         ... 0.04348585 0.01713286 0.        ]
1,"[ 0.          0.          0.         ... -0.09678195 -0.07736523
  0.        ]"
1,[0.         0.         0.         ... 0.02549545 0.02616149 0.        ]
1,[0.         0.         0.         ... 0.00518697 0.00535557 0.        ]
1,[0. 0. 0. ... 0. 0. 0.]
